Date,Time,Action,Status
2026-07-04,21:32:59,Rename Happened  successfully,SUCCESS
2026-07-04,21:34:06,Rename Happened  successfully,SUCCESS
2026-07-04,21:38:33,CSV report generated,SUCCESS
2026-07-04,21:49:51,Rename Happened  successfully,SUCCESS
2026-07-04,21:50:03,CSV report generated,SUCCESS
2026-07-04,21:57:07,Rename Happened  successfully,SUCCESS
2026-07-04,21:57:20,CSV report generated,SUCCESS
2026-07-04,21:59:04,Rename Happened  successfully,SUCCESS
2026-07-04,21:59:08,CSV report generated,SUCCESS
2026-07-04,22:01:19,Moved File_Duplicaion_Detection.py,SUCCESS
2026-07-04,22:01:19,Moved File_Duplication_Detection.py,SUCCESS
2026-07-04,22:01:19,Moved File_Type_detection.py,SUCCESS
2026-07-04,22:01:19,Moved Process_Automation_System_final.pptx,SUCCESS
2026-07-04,22:01:19,Moved task6_A.docx,SUCCESS
2026-07-04,22:01:19,Moved task6_B.docx,SUCCESS
2026-07-04,22:01:19,Moved task6_C (2).docx,SUCCESS
2026-07-04,22:01:19,Moved task6_C.docx,SUCCESS
2026-07-04,22:08:00,CSV report generated,SUCCESS
2026-07-04,22:11:06,CSV report generated,SUCCESS
2026-07-04,22:12:45,CSV report generated,SUCCESS
2026-07-05,08:57:33,Rename Happened  successfully,SUCCESS
2026-07-05,08:57:40,CSV report generated,SUCCESS
2026-07-05,09:01:31,Rename Happened  successfully,SUCCESS
2026-07-05,09:01:36,CSV report generated,SUCCESS
2026-07-05,09:03:57,Rename Happened  successfully,SUCCESS
2026-07-05,09:04:08,CSV report generated,SUCCESS
2026-07-05,09:08:42,CSV report generated,SUCCESS
2026-07-05,09:13:43,CSV report generated,SUCCESS
2026-07-05,09:24:25,CSV report generated,SUCCESS
2026-07-05,09:29:28,CSV report generated,SUCCESS
2026-07-05,10:25:35, exit,SUCCESS
2026-07-05,10:26:15, exit,SUCCESS
2026-07-05,10:30:32,selection,success
2026-07-05,10:43:00,selection,success
